course_id,title,provider,description,duration_hours,competency_tags,category,difficulty,course_url,source,active
IGOT_PY_101,Python for Data Analysis in Public Administration,ISTM / DoPT,"Master NumPy, pandas, data aggregation, and statistical transformations for official survey datasets.",8.0,"Python for Data Analysis, Data Visualization, Data Quality Frameworks",Technical,Intermediate,https://igotkarmayogi.gov.in/learn/course/igot_py_101,iGOT Karmayogi Prototype Catalogue,True
IGOT_SQL_101,Relational Database Management and SQL for Government,National Informatics Centre (NIC),"Writing complex SELECT queries, indexing, joins, and aggregates for administrative databases.",6.0,"SQL & Database Queries, APIs & Data Integration",Technical,Intermediate,https://igotkarmayogi.gov.in/learn/course/igot_sql_101,iGOT Karmayogi Prototype Catalogue,True
IGOT_SNA_201,Fundamentals of System of National Accounts (SNA 2008),MoSPI / NSSTA,"Comprehensive introduction to Gross Value Added (GVA), GDP compilation, and institutional sectors.",10.0,"National Accounts, Price Statistics, Metadata Standards",Statistical,Advanced,https://igotkarmayogi.gov.in/learn/course/igot_sna_201,iGOT Karmayogi Prototype Catalogue,True
IGOT_SURV_101,Official Survey Design & Multi-Stage Sampling,NSSTA Greater Noida,"Principles of sampling frames, probability proportional to size (PPS), and sampling variance.",12.0,"Survey Design, Sampling Techniques, Labour Statistics",Statistical,Advanced,https://igotkarmayogi.gov.in/learn/course/igot_surv_101,iGOT Karmayogi Prototype Catalogue,True
IGOT_CPI_101,Compilation Methodology of Consumer Price Index (CPI),Price Statistics Division / MoSPI,"Basket selection, price collection protocols, Laspeyres aggregation, and imputation.",6.5,"Price Statistics, Data Quality Frameworks, National Accounts",Statistical,Intermediate,https://igotkarmayogi.gov.in/learn/course/igot_cpi_101,iGOT Karmayogi Prototype Catalogue,True
IGOT_R_101,Statistical Computing and Data Analysis with R,Indian Statistical Institute / DoPT,"Data frames, survey package, hypothesis testing, and econometric regression in R.",9.0,"R Programming, Data Visualization & Dashboards, Sampling Techniques",Technical,Intermediate,https://igotkarmayogi.gov.in/learn/course/igot_r_101,iGOT Karmayogi Prototype Catalogue,True
IGOT_SDG_101,Monitoring Sustainable Development Goals (SDG NIF),NITI Aayog & MoSPI,"Understanding the National Indicator Framework, data disaggregation, and metadata standards.",5.0,"SDG Indicators, Metadata Standards, Data Visualization & Dashboards",Statistical,Beginner,https://igotkarmayogi.gov.in/learn/course/igot_sdg_101,iGOT Karmayogi Prototype Catalogue,True
IGOT_CYBER_101,Cybersecurity and Data Protection for Government Officials,MeitY / CERT-In,"Information security guidelines, password protocols, phishing defense, and server hygiene.",4.0,"Cybersecurity & Data Protection, Data Privacy & Anonymization, Digital Governance",Digital Governance,Beginner,https://igotkarmayogi.gov.in/learn/course/igot_cyber_101,iGOT Karmayogi Prototype Catalogue,True
IGOT_DPDP_101,Digital Personal Data Protection (DPDP) Act Compliance,DoPT / Ministry of Law,"De-identification techniques, respondent consent, and microdata privacy standards.",4.5,"Data Privacy & Anonymization, Cybersecurity & Data Protection, Digital Governance",Digital Governance,Intermediate,https://igotkarmayogi.gov.in/learn/course/igot_dpdp_101,iGOT Karmayogi Prototype Catalogue,True
IGOT_VIZ_101,Data Storytelling & Executive Visualizations,ISTM New Delhi,"Creating charts, dashboard design, visual clarity, and statistical reporting best practices.",5.5,"Data Visualization & Dashboards, Official Communication & Reporting, Python for Data Analysis",Technical,Intermediate,https://igotkarmayogi.gov.in/learn/course/igot_viz_101,iGOT Karmayogi Prototype Catalogue,True
IGOT_GIS_101,Geospatial Analysis and QGIS for Public Systems,Department of Space / ISRO,"Spatial coordinates, layer overlays, choropleth generation, and block mapping.",7.5,"GIS & Spatial Statistics, Survey Design, Data Visualization & Dashboards",Technical,Intermediate,https://igotkarmayogi.gov.in/learn/course/igot_gis_101,iGOT Karmayogi Prototype Catalogue,True
IGOT_ETHICS_101,"Ethics, Objectivity and Integrity in Public Service",DoPT / Lal Bahadur Shastri National Academy,"Constitutional values, impartiality in official statistics, and public trust.",3.0,"Public Service Ethics & Integrity, Leadership & Team Management",Behavioural / Managerial,Beginner,https://igotkarmayogi.gov.in/learn/course/igot_ethics_101,iGOT Karmayogi Prototype Catalogue,True
IGOT_LEAD_101,Leadership in Field Operations and Team Dynamics,IIPA New Delhi,"Leading diverse survey enumerators, dispute resolution, and field mission success.",6.0,"Leadership & Team Management, Official Communication & Reporting",Behavioural / Managerial,Intermediate,https://igotkarmayogi.gov.in/learn/course/igot_lead_101,iGOT Karmayogi Prototype Catalogue,True
IGOT_PLFS_101,Periodic Labour Force Survey (PLFS) Concepts & Standards,Social Statistics Division,"Usual Principal Activity Status (UPSS), Current Weekly Status (CWS), and LFPR estimation.",7.0,"Labour Statistics, Survey Design, Sampling Techniques",Statistical,Intermediate,https://igotkarmayogi.gov.in/learn/course/igot_plfs_101,iGOT Karmayogi Prototype Catalogue,True
IGOT_ASI_101,Annual Survey of Industries (ASI): Concepts & Data Flow,Economic Statistics Division,"NIC classification, capital invested, gross output, and factory sector survey rounds.",8.0,"Industrial Statistics, National Accounts, Data Quality Frameworks",Statistical,Advanced,https://igotkarmayogi.gov.in/learn/course/igot_asi_101,iGOT Karmayogi Prototype Catalogue,True
IGOT_QUAL_101,National Quality Assurance Framework (NQAF) for Official Data,MoSPI Quality Wing,"Data audit protocols, consistency checks, outlier detection, and statistical validation.",5.0,"Data Quality Frameworks, Metadata Standards, Survey Design",Statistical,Intermediate,https://igotkarmayogi.gov.in/learn/course/igot_qual_101,iGOT Karmayogi Prototype Catalogue,True
IGOT_API_101,Open Data Publishing and Web APIs for Statistics,NIC / Open Data Portal,"REST APIs, JSON formats, automated data exchange pipelines, and data.gov.in standards.",4.5,"APIs & Data Integration, Open Data Standards, Cloud Computing for Government",Technical,Intermediate,https://igotkarmayogi.gov.in/learn/course/igot_api_101,iGOT Karmayogi Prototype Catalogue,True
IGOT_ML_101,Applied Machine Learning for Survey Data Validation,Digital India / MoSPI DIID,"Classification models, automated survey outlier detection, and text categorization.",10.0,"AI & Machine Learning in Statistics, Python for Data Analysis, Data Quality Frameworks",Technical,Advanced,https://igotkarmayogi.gov.in/learn/course/igot_ml_101,iGOT Karmayogi Prototype Catalogue,True
IGOT_TIME_101,Time Series Forecasting and Econometric Analysis,Institute of Economic Growth,"ARIMA models, seasonal adjustment (X-13ARIMA-SEATS), and macroeconomic forecasting.",8.5,"R Programming, National Accounts, Price Statistics",Technical,Advanced,https://igotkarmayogi.gov.in/learn/course/igot_time_101,iGOT Karmayogi Prototype Catalogue,True
IGOT_REPORT_101,Drafting Statistical Reports and Parliamentary Briefs,ISTM New Delhi,"Structuring executive summaries, bulleted statistical highlights, and evidence briefs.",4.0,"Official Communication & Reporting, Leadership & Team Management, Metadata Standards",Behavioural / Managerial,Intermediate,https://igotkarmayogi.gov.in/learn/course/igot_report_101,iGOT Karmayogi Prototype Catalogue,True
IGOT_CLOUD_101,Government Cloud (MeghRaj) Fundamentals,NIC Cloud Services,"Cloud infrastructure, secure data hosting, containerization, and high availability.",4.0,"Cloud Computing for Government, Cybersecurity & Data Protection",Digital Governance,Beginner,https://igotkarmayogi.gov.in/learn/course/igot_cloud_101,iGOT Karmayogi Prototype Catalogue,True
IGOT_STATA_101,Econometric and Survey Analysis with Stata,NCAER / MoSPI,"Survey weights (svyset), complex survey regression, and microdata panel analysis.",7.5,"Stata Econometrics, Sampling Techniques, Labour Statistics",Technical,Advanced,https://igotkarmayogi.gov.in/learn/course/igot_stata_101,iGOT Karmayogi Prototype Catalogue,True
IGOT_SPSS_101,Applied Social Research and Data Analysis with SPSS,TISS Mumbai,"Cross-tabulation, Chi-square tests, correlation, and survey table generation.",6.0,"SPSS Statistics, Survey Design",Technical,Intermediate,https://igotkarmayogi.gov.in/learn/course/igot_spss_101,iGOT Karmayogi Prototype Catalogue,True
IGOT_META_101,Statistical Data and Metadata eXchange (SDMX) Basics,MoSPI DIID,"SDMX architecture, data structure definitions (DSD), and global dissemination formats.",5.0,"Metadata Standards, APIs & Data Integration, Open Data Standards",Statistical,Intermediate,https://igotkarmayogi.gov.in/learn/course/igot_meta_101,iGOT Karmayogi Prototype Catalogue,True
IGOT_AGRI_101,Agricultural Statistics and Land Use Classification,Directorate of Economics & Statistics,"Crop cutting experiments, area enumeration, and agricultural input cost indices.",6.0,"Agricultural Statistics, Sampling Techniques, Survey Design",Statistical,Intermediate,https://igotkarmayogi.gov.in/learn/course/igot_agri_101,iGOT Karmayogi Prototype Catalogue,True
IGOT_DPI_101,Digital Public Infrastructure in Governance (India Stack),National e-Governance Division (NeGD),"Architecture of Aadhaar authentication, UPI, DigiLocker, and API Setu.",4.0,"Digital Public Infrastructure, Cloud Computing for Government",Digital Governance,Beginner,https://igotkarmayogi.gov.in/learn/course/igot_dpi_101,iGOT Karmayogi Prototype Catalogue,True
IGOT_SAS_101,Enterprise SAS Programming for Large Scale Census Data,National Academy of Statistical Administration,"DATA step programming, PROC SQL, and macro programming in SAS.",8.0,"SAS Analytics, SQL & Database Queries",Technical,Advanced,https://igotkarmayogi.gov.in/learn/course/igot_sas_101,iGOT Karmayogi Prototype Catalogue,True
IGOT_DEC_101,Evidence-Based Decision Making in Public Policy,NITI Aayog / CBC,Transforming raw statistical indicators into actionable policy interventions and memos.,5.0,"Evidence-Based Decision Making, Official Communication & Reporting",Behavioural / Managerial,Intermediate,https://igotkarmayogi.gov.in/learn/course/igot_dec_101,iGOT Karmayogi Prototype Catalogue,True
IGOT_CHG_101,Change Management & Modernization in Public Systems,IIPA New Delhi,"Leading digital transformation, managing resistance, and agile workflows in government.",4.5,"Change Management in Governance, Leadership & Team Management",Behavioural / Managerial,Intermediate,https://igotkarmayogi.gov.in/learn/course/igot_chg_101,iGOT Karmayogi Prototype Catalogue,True
IGOT_PY_201,Advanced Python: Data Pipelines and Automation,NIC / Digital India,"Building production-grade ETL scripts, cron automations, and data validation suites in Python.",9.0,"Python for Data Analysis, APIs & Data Integration, Data Quality Frameworks",Technical,Advanced,https://igotkarmayogi.gov.in/learn/course/igot_py_201,iGOT Karmayogi Prototype Catalogue,True
IGOT_SQL_201,Advanced SQL Window Functions and Analytical Aggregations,NIC Training Wing,"Partitioning, lead/lag functions, recursive queries, and database optimization.",6.5,"SQL & Database Queries, Python for Data Analysis",Technical,Advanced,https://igotkarmayogi.gov.in/learn/course/igot_sql_201,iGOT Karmayogi Prototype Catalogue,True
IGOT_SNA_301,Quarterly GDP and High-Frequency Economic Tracking,National Accounts Division,"Benchmarking techniques (Denton method), leading indicator models, and seasonal adjustments.",9.5,"National Accounts, Price Statistics, Industrial Statistics",Statistical,Advanced,https://igotkarmayogi.gov.in/learn/course/igot_sna_301,iGOT Karmayogi Prototype Catalogue,True
IGOT_SURV_201,Computer-Assisted Personal Interviewing (CAPI) Deployment,NSSTA Greater Noida,"Survey solutions, CSPro scripting, real-time validation rules, and GPS tag verification.",6.0,"Survey Design, Data Quality Frameworks, GIS & Spatial Statistics",Statistical,Intermediate,https://igotkarmayogi.gov.in/learn/course/igot_surv_201,iGOT Karmayogi Prototype Catalogue,True
IGOT_CPI_201,Hedonic Pricing and Web Scraping for Inflation Monitoring,Price Statistics Division,"Modern price collection methods, e-commerce web scraping, and quality adjustment algorithms.",7.0,"Price Statistics, Python for Data Analysis, AI & Machine Learning in Statistics",Statistical,Advanced,https://igotkarmayogi.gov.in/learn/course/igot_cpi_201,iGOT Karmayogi Prototype Catalogue,True
IGOT_R_201,Applied Econometrics and Panel Data in R,ISI Kolkata / DoPT,"Fixed effects, random effects, GMM estimators, and instrumental variable analysis.",10.0,"R Programming, National Accounts, Labour Statistics",Technical,Advanced,https://igotkarmayogi.gov.in/learn/course/igot_r_201,iGOT Karmayogi Prototype Catalogue,True
IGOT_SDG_201,State & UT SDG Index Construction and Tracking,NITI Aayog,"Target setting, normalization techniques, composite index scoring, and dashboarding.",5.5,"SDG Indicators, Data Visualization & Dashboards, Official Communication & Reporting",Statistical,Intermediate,https://igotkarmayogi.gov.in/learn/course/igot_sdg_201,iGOT Karmayogi Prototype Catalogue,True
IGOT_CYBER_201,Incident Handling and CERT-In Security Protocols,CERT-In / MeitY,"Log analysis, vulnerability assessment, breach escalation, and encryption standards.",5.0,"Cybersecurity & Data Protection, Cloud Computing for Government",Digital Governance,Intermediate,https://igotkarmayogi.gov.in/learn/course/igot_cyber_201,iGOT Karmayogi Prototype Catalogue,True
IGOT_DPDP_201,Statistical Disclosure Control & Microdata Anonymization,MoSPI Data Innovation Lab,"SDC techniques, perturbation, top-coding, k-anonymity, and l-diversity in public releases.",6.5,"Data Privacy & Anonymization, Data Quality Frameworks, Metadata Standards",Digital Governance,Advanced,https://igotkarmayogi.gov.in/learn/course/igot_dpdp_201,iGOT Karmayogi Prototype Catalogue,True
IGOT_VIZ_201,Interactive BI Dashboard Engineering for MoSPI Indicators,NIC Analytics Wing,Connecting live SQL databases to interactive dashboards with drill-downs and role filters.,7.0,"Data Visualization & Dashboards, SQL & Database Queries, APIs & Data Integration",Technical,Advanced,https://igotkarmayogi.gov.in/learn/course/igot_viz_201,iGOT Karmayogi Prototype Catalogue,True
IGOT_GIS_201,Spatial Statistics and Hotspot Analysis for Socio-Economic Data,ISRO / NSSTA,"Moran's I, Getis-Ord Gi*, kernel density estimation, and district-level vulnerability maps.",8.0,"GIS & Spatial Statistics, SDG Indicators, Survey Design",Technical,Advanced,https://igotkarmayogi.gov.in/learn/course/igot_gis_201,iGOT Karmayogi Prototype Catalogue,True
IGOT_PROJ_101,Project Management in Large-Scale Statistical Surveys,ISTM New Delhi,"Gantt charts, milestone tracking, resource allocation, and quality risk registers.",6.0,"Project Management in Statistical Surveys, Leadership & Team Management",Behavioural / Managerial,Intermediate,https://igotkarmayogi.gov.in/learn/course/igot_proj_101,iGOT Karmayogi Prototype Catalogue,True
IGOT_LABOUR_201,Informal Sector & Unorganized Labour Measurement,V.V. Giri National Labour Institute,"Measuring gig workers, platform economy, social security coverage, and wage differentials.",6.5,"Labour Statistics, Survey Design, National Accounts",Statistical,Intermediate,https://igotkarmayogi.gov.in/learn/course/igot_labour_201,iGOT Karmayogi Prototype Catalogue,True
IGOT_IND_201,Index of Industrial Production (IIP): Base Revision & Compilation,Economic Statistics Division,"Item basket weighting, non-response estimation, and item substitution rules.",7.0,"Industrial Statistics, Price Statistics, Data Quality Frameworks",Statistical,Intermediate,https://igotkarmayogi.gov.in/learn/course/igot_ind_201,iGOT Karmayogi Prototype Catalogue,True
IGOT_QUAL_201,Automated Validation Rules and Error Auditing in Survey Portals,DIID MoSPI,"Developing regex checks, boundary constraints, and consistency matrices for web surveys.",5.5,"Data Quality Frameworks, Python for Data Analysis, Survey Design",Statistical,Intermediate,https://igotkarmayogi.gov.in/learn/course/igot_qual_201,iGOT Karmayogi Prototype Catalogue,True
IGOT_OPEN_201,FAIR Data Principles and Open Government Data (OGD),NIC / Open Data Unit,"Findable, Accessible, Interoperable, and Reusable data publishing architectures.",4.5,"Open Data Standards, Metadata Standards, APIs & Data Integration",Technical,Beginner,https://igotkarmayogi.gov.in/learn/course/igot_open_201,iGOT Karmayogi Prototype Catalogue,True
IGOT_ML_201,Natural Language Processing for Statistical Occupation Coding,MoSPI DIID / IIIT Delhi,Automating National Classification of Occupations (NCO) and NIC code assignment using NLP.,9.0,"AI & Machine Learning in Statistics, Python for Data Analysis, Metadata Standards",Technical,Advanced,https://igotkarmayogi.gov.in/learn/course/igot_ml_201,iGOT Karmayogi Prototype Catalogue,True
IGOT_CLOUD_201,Containerization and Docker for Statistical Analytics Pipelines,NIC Cloud Training,Packaging Python and R statistical codebases into repeatable Docker images for government cloud.,6.0,"Cloud Computing for Government, Python for Data Analysis, Cybersecurity & Data Protection",Digital Governance,Intermediate,https://igotkarmayogi.gov.in/learn/course/igot_cloud_201,iGOT Karmayogi Prototype Catalogue,True
IGOT_COMM_201,Parliamentary Q&A Drafting and Statistical Factsheet Preparation,MoSPI Coordination Wing,"Answering Starred/Unstarred Questions, rapid fact retrieval, and statistical vetting.",4.0,"Official Communication & Reporting, Public Service Ethics & Integrity",Behavioural / Managerial,Intermediate,https://igotkarmayogi.gov.in/learn/course/igot_comm_201,iGOT Karmayogi Prototype Catalogue,True
IGOT_AGRI_201,Remote Sensing & Satellite Imagery for Agricultural Crop Estimation,Mahalanobis National Crop Forecast Centre,"NDVI indices, crop area yield modeling, and integration with ground survey cutting.",8.0,"Agricultural Statistics, GIS & Spatial Statistics, AI & Machine Learning in Statistics",Statistical,Advanced,https://igotkarmayogi.gov.in/learn/course/igot_agri_201,iGOT Karmayogi Prototype Catalogue,True
IGOT_STATA_201,Multilevel and Hierarchical Modeling with Stata,ISI Delhi / NCAER,"Nested random effects, district-level clustering, and survey variance estimation.",8.5,"Stata Econometrics, Sampling Techniques, Survey Design",Technical,Advanced,https://igotkarmayogi.gov.in/learn/course/igot_stata_201,iGOT Karmayogi Prototype Catalogue,True
IGOT_DATA_GOV_101,National Data Governance Framework Policy (NDGFP),MeitY / Data Governance Unit,"Framework for anonymized non-personal data sharing, India Data Management Office (IDMO).",5.0,"Data Privacy & Anonymization, Open Data Standards, Digital Governance",Digital Governance,Intermediate,https://igotkarmayogi.gov.in/learn/course/igot_data_gov_101,iGOT Karmayogi Prototype Catalogue,True
