training_id,title,provider,description,duration_days,duration_hours,competency_tags,category,level,target_audience,programme_url,source,active
NSSTA_PROG_01,Advanced National Accounts: SUT and Capital Accounting,NSSTA Greater Noida,"Intensive hands-on residential training on Supply-Use Tables (SUT), asset accounts, and FISIM estimation.",5,30.0,"National Accounts, Industrial Statistics, Price Statistics",Statistical,Advanced,ISS / SSS Officers in NAD & ESD,https://nssta.gov.in/trainings/view/nssta_prog_01,NSSTA / TPAC Prototype Catalogue,True
NSSTA_PROG_02,Large-Scale Sample Survey Operations & Quality Control,NSSTA Greater Noida,"Practical workshop on field sample selection, non-response adjustments, and CAPI survey tools.",5,30.0,"Survey Design, Sampling Techniques, Data Quality Frameworks",Statistical,Advanced,Field Operations Division Officers,https://nssta.gov.in/trainings/view/nssta_prog_02,NSSTA / TPAC Prototype Catalogue,True
NSSTA_PROG_03,Price Index Numbers: Advanced Formulae and Hedonic Imputation,NSSTA & ISI Kolkata,"In-depth training on multilateral price indices, scanner data, and quality-adjusted inflation calculation.",4,24.0,"Price Statistics, National Accounts, R Programming",Statistical,Advanced,Price Statistics Division Staff,https://nssta.gov.in/trainings/view/nssta_prog_03,NSSTA / TPAC Prototype Catalogue,True
NSSTA_PROG_04,Data Science & Machine Learning Pipeline for Official Microdata,MoSPI TPAC / ISI Delhi,"Python, big data frameworks, automated survey verification, and classification algorithms.",10,60.0,"Python for Data Analysis, AI & Machine Learning in Statistics, SQL & Database Queries",Technical,Advanced,DIID & Research Officers,https://nssta.gov.in/trainings/view/nssta_prog_04,NSSTA / TPAC Prototype Catalogue,True
NSSTA_PROG_05,Periodic Labour Force Survey (PLFS) Data Extraction & Modeling,NSSTA Greater Noida,"Hands-on data extraction from raw PLFS unit-level microdata, multiplier application, and transition matrices.",3,18.0,"Labour Statistics, Sampling Techniques, Stata Econometrics",Statistical,Intermediate,Social Statistics & Analytical Wings,https://nssta.gov.in/trainings/view/nssta_prog_05,NSSTA / TPAC Prototype Catalogue,True
NSSTA_PROG_06,Geospatial Information System (GIS) for Urban Frame Survey,NSSTA & Regional Remote Sensing Centre,"High-resolution satellite mapping, UFS block boundary delineation, and GIS database construction.",5,30.0,"GIS & Spatial Statistics, Survey Design, Data Visualization & Dashboards",Technical,Intermediate,SDRD & FOD Officers,https://nssta.gov.in/trainings/view/nssta_prog_06,NSSTA / TPAC Prototype Catalogue,True
NSSTA_PROG_07,Annual Survey of Industries (ASI) Estimation Methodology,NSSTA Greater Noida,"Factory sector frame maintenance, pool of samples, multiplier weighting, and GVA reconciliation.",4,24.0,"Industrial Statistics, National Accounts, Data Quality Frameworks",Statistical,Advanced,ESD & Regional Officials,https://nssta.gov.in/trainings/view/nssta_prog_07,NSSTA / TPAC Prototype Catalogue,True
NSSTA_PROG_08,SDG Indicator Computation and National Metadata Validation,MoSPI & UN SIAP,Aligning national administrative data sources with UN custodian agency SDG calculation methodologies.,3,18.0,"SDG Indicators, Metadata Standards, Data Quality Frameworks",Statistical,Intermediate,SSD and Nodal Statistical Cells,https://nssta.gov.in/trainings/view/nssta_prog_08,NSSTA / TPAC Prototype Catalogue,True
NSSTA_PROG_09,Executive Leadership & Change Management in Statistical Governance,NSSTA Greater Noida,"Strategic decision-making, modernization of statistical offices, and inter-agency coordination.",3,18.0,"Leadership & Team Management, Official Communication & Reporting, Public Service Ethics & Integrity",Behavioural / Managerial,Advanced,Directors & Assistant Directors,https://nssta.gov.in/trainings/view/nssta_prog_09,NSSTA / TPAC Prototype Catalogue,True
NSSTA_PROG_10,Statistical Data Quality Auditing and Imputation Algorithms,NSSTA & ISI Kolkata,"Deterministic and stochastic imputation (Hot-deck, KNN), outlier bounds, and quality audit trails.",4,24.0,"Data Quality Frameworks, Python for Data Analysis, Sampling Techniques",Statistical,Advanced,All Statistical System Analysts,https://nssta.gov.in/trainings/view/nssta_prog_10,NSSTA / TPAC Prototype Catalogue,True
NSSTA_PROG_11,Time Series Econometrics & Seasonal Adjustment for Macro Indicators,NSSTA & Reserve Bank of India Staff College,"Deep dive into X-13ARIMA-SEATS, unit root testing, cointegration, and quarterly GDP reconciliation.",5,30.0,"National Accounts, Price Statistics, R Programming",Statistical,Advanced,National Accounts & Macro Analysts,https://nssta.gov.in/trainings/view/nssta_prog_11,NSSTA / TPAC Prototype Catalogue,True
NSSTA_PROG_12,Survey Sampling Frames and Digital Mapping for Field Enumeration,NSSTA & Survey of India,"Digitizing village cadastre maps, cluster boundary tracking, and mobile GIS verification.",4,24.0,"Survey Design, Sampling Techniques, GIS & Spatial Statistics",Statistical,Intermediate,FOD & SDRD Sampling Officers,https://nssta.gov.in/trainings/view/nssta_prog_12,NSSTA / TPAC Prototype Catalogue,True
NSSTA_PROG_13,Advanced R for Official Statistics: Survey Weighting & Demography,MoSPI TPAC / ISI Kolkata,"Complex survey designs with the 'survey' and 'srvyr' packages, life tables, and fertility indices.",6,36.0,"R Programming, Sampling Techniques, Labour Statistics",Technical,Advanced,Research Officers & Statistical Analysts,https://nssta.gov.in/trainings/view/nssta_prog_13,NSSTA / TPAC Prototype Catalogue,True
NSSTA_PROG_14,Python Big Data Processing for National Metadata Repositories,MoSPI TPAC / IIIT Delhi,"PySpark, Dask, automated parsing of millions of census and survey microdata records.",8,48.0,"Python for Data Analysis, APIs & Data Integration, Metadata Standards",Technical,Advanced,DIID Software & Database Engineers,https://nssta.gov.in/trainings/view/nssta_prog_14,NSSTA / TPAC Prototype Catalogue,True
NSSTA_PROG_15,Cybersecurity Incident Response & Cloud Security for MoSPI Systems,MeitY / CERT-In & NSSTA,"Hardening Linux servers, database encryption at rest, secure API gateways, and penetration audit drills.",3,18.0,"Cybersecurity & Data Protection, Cloud Computing for Government, Data Privacy & Anonymization",Digital Governance,Intermediate,IT Officers & Systems Administrators,https://nssta.gov.in/trainings/view/nssta_prog_15,NSSTA / TPAC Prototype Catalogue,True
NSSTA_PROG_16,Statistical Disclosure Control Workshop: Anonymizing Microdata Releases,NSSTA Greater Noida & Statistics Netherlands,"Practical exercises with argus and sdcMicro packages, frequency tables, and microdata release risk.",3,18.0,"Data Privacy & Anonymization, Data Quality Frameworks, Metadata Standards",Digital Governance,Advanced,Data Dissemination & Publication Officers,https://nssta.gov.in/trainings/view/nssta_prog_16,NSSTA / TPAC Prototype Catalogue,True
NSSTA_PROG_17,Agricultural Crop Estimation and Area Enumeration Protocols,NSSTA & ICAR-IASRI,"Design of General Crop Estimation Surveys (GCES), remote sensing ground truthing, and yield estimation.",5,30.0,"Agricultural Statistics, Sampling Techniques, Survey Design",Statistical,Intermediate,State Statistical Bureaus & DES Officers,https://nssta.gov.in/trainings/view/nssta_prog_17,NSSTA / TPAC Prototype Catalogue,True
NSSTA_PROG_18,Index of Industrial Production: Practical Compilation & Diagnostics,ESD MoSPI & NSSTA,"Source agency data collection, non-response imputation, and sub-index volatility troubleshooting.",3,18.0,"Industrial Statistics, Price Statistics, Data Quality Frameworks",Statistical,Intermediate,ESD Industrial Statistics Cell,https://nssta.gov.in/trainings/view/nssta_prog_18,NSSTA / TPAC Prototype Catalogue,True
NSSTA_PROG_19,Effective Parliamentary Reporting & Statistical Data Communication,NSSTA & ISTM,"Crafting evidence-based replies, executive dashboard narratives, and media engagement guidelines.",3,18.0,"Official Communication & Reporting, Evidence-Based Decision Making",Behavioural / Managerial,Intermediate,Section Officers & Joint Directors,https://nssta.gov.in/trainings/view/nssta_prog_19,NSSTA / TPAC Prototype Catalogue,True
NSSTA_PROG_20,Applied Stata for Complex Socio-Economic Survey Analysis,NSSTA & NCAER,"svy prefix commands, multinomial logit on PLFS, and poverty & inequality index estimations.",5,30.0,"Stata Econometrics, Labour Statistics, Sampling Techniques",Technical,Advanced,Social Statistics & Analytical Division,https://nssta.gov.in/trainings/view/nssta_prog_20,NSSTA / TPAC Prototype Catalogue,True
NSSTA_PROG_21,Machine Learning for Automated Document Extraction & Classification,MoSPI TPAC / IIT Delhi,"Transformer models, OCR pipelines for historical survey gazettes, and tabular text extraction.",8,48.0,"AI & Machine Learning in Statistics, Python for Data Analysis, APIs & Data Integration",Technical,Advanced,Data Innovation & AI Officers,https://nssta.gov.in/trainings/view/nssta_prog_21,NSSTA / TPAC Prototype Catalogue,True
NSSTA_PROG_22,National Quality Assurance Framework (NQAF) Assessor Certification,NSSTA & MoSPI Quality Directorate,Training to become certified internal quality auditors for official surveys and administrative registries.,4,24.0,"Data Quality Frameworks, Metadata Standards, Survey Design",Statistical,Advanced,Supervisory & Audit Officers,https://nssta.gov.in/trainings/view/nssta_prog_22,NSSTA / TPAC Prototype Catalogue,True
NSSTA_PROG_23,Energy Balance & Environmental-Economic Accounting (SEEA),NSSTA Greater Noida & UN SIAP,"System of Environmental-Economic Accounting, asset accounts for minerals, water, and forests.",5,30.0,"National Accounts, SDG Indicators, Metadata Standards",Statistical,Advanced,Social & Economic Statistics Officers,https://nssta.gov.in/trainings/view/nssta_prog_23,NSSTA / TPAC Prototype Catalogue,True
NSSTA_PROG_24,Spatial Autocorrelation and Point Pattern Analysis in Public Health Data,NSSTA & Regional Remote Sensing Centre,"K-function, Voronoi tessellation, disease mapping, and accessibility analysis using QGIS and R.",4,24.0,"GIS & Spatial Statistics, R Programming, SDG Indicators",Technical,Intermediate,Social Statistics & Health Survey Units,https://nssta.gov.in/trainings/view/nssta_prog_24,NSSTA / TPAC Prototype Catalogue,True
NSSTA_PROG_25,Public Procurement & Project Governance for Statistical Operations,NSSTA & Department of Expenditure,"GeM portal, QCBS procurement for field survey agencies, and contract administration.",3,18.0,"Project Management in Statistical Surveys, Public Service Ethics & Integrity",Behavioural / Managerial,Intermediate,Administrative & Operational Heads,https://nssta.gov.in/trainings/view/nssta_prog_25,NSSTA / TPAC Prototype Catalogue,True
NSSTA_PROG_26,SDMX Architecture and Automated Data Dissemination Systems,NSSTA & Eurostat Experts,"Configuring SDMX registries, data structure definitions, and REST web services for national data.",4,24.0,"Metadata Standards, APIs & Data Integration, Open Data Standards",Statistical,Advanced,DIID Portal Administrators,https://nssta.gov.in/trainings/view/nssta_prog_26,NSSTA / TPAC Prototype Catalogue,True
NSSTA_PROG_27,Consumer Expenditure Survey (CES) Methodology & Consumption Baskets,NSSTA & Survey Division,"Recall periods (URP, MRP, MMRP), food/non-food classification, and poverty line consumption deflators.",4,24.0,"Survey Design, Price Statistics, Sampling Techniques",Statistical,Advanced,Survey Design & Research Division,https://nssta.gov.in/trainings/view/nssta_prog_27,NSSTA / TPAC Prototype Catalogue,True
NSSTA_PROG_28,Automated Web Scraping and Big Data Ingestion for Official Statistics,MoSPI TPAC / ISI Bangalore,"BeautifulSoup, Scrapy, Selenium for high-frequency commodity prices and labor market job postings.",5,30.0,"Python for Data Analysis, Price Statistics, Labour Statistics",Technical,Advanced,Price Statistics & Research Officers,https://nssta.gov.in/trainings/view/nssta_prog_28,NSSTA / TPAC Prototype Catalogue,True
NSSTA_PROG_29,"Digital Signatures, e-Office Governance & Cyber Ethics",NSSTA & NIC,"e-Office workflows, DSC management, secure file archiving, and RTI compliance in statistical departments.",2,12.0,"Digital Public Infrastructure, Cybersecurity & Data Protection, Public Service Ethics & Integrity",Digital Governance,Beginner,All Statistical Staff,https://nssta.gov.in/trainings/view/nssta_prog_29,NSSTA / TPAC Prototype Catalogue,True
NSSTA_PROG_30,"Statistical Leadership, Crisis Management & Team Resilience",NSSTA & IIM Lucknow,"Leading through high-stakes survey deadlines, media scrutiny, and cross-functional team motivation.",3,18.0,"Leadership & Team Management, Change Management in Governance, Official Communication & Reporting",Behavioural / Managerial,Advanced,Joint Directors & Deputy Directors,https://nssta.gov.in/trainings/view/nssta_prog_30,NSSTA / TPAC Prototype Catalogue,True
NSSTA_PROG_31,"International Classification Systems: NIC, NAPCS, and NCO Harmonization",NSSTA & CPD MoSPI,"Harmonizing national classification standards with UN ISIC Rev.4, CPC, and ISCO-08.",3,18.0,"Metadata Standards, Industrial Statistics, Labour Statistics",Statistical,Intermediate,All Classification & Survey Officers,https://nssta.gov.in/trainings/view/nssta_prog_31,NSSTA / TPAC Prototype Catalogue,True
